Course,Prerequisite
INST126,STAT100
INST311,PSYC100
INST311,SOCY105
INST314,INST126
INST314,GEOG276
INST314,STAT100
INST314,MATH115
INST326,INST126
INST326,GEOG276
INST327,INST126
INST327,GEOG276
INST335,INST201
INST335,INST301
INST335,PSYC100
INST341,INST311
INST346,INST201
INST346,INST301
INST346,INST326
INST346,INST327
INST347,INST346
INST352,INST201
INST352,INST301
INST352,INST311
INST354,INST201
INST354,INST301
INST354,INST314
INST354,PSYC100
INST362,INST201
INST362,INST301
INST362,PSYC100
INST362,SOCY105
INST362,INST326
INST362,STAT100
INST364,INST201
INST364,INST301
INST364,INST327
INST364,STAT100
INST364,MATH115
INST364,PSYC100
INST366,INST126
INST366,GEOG276
INST366,STAT100
INST366,AASP101
INST366,ANTH210
INST366,ANTH260
INST366,ECON200
INST366,ECON201
INST366,GEOG202
INST366,GVPT170
INST366,PSYC100
INST366,SOCY100
INST366,SOCY105
INST367,INST380
INST377,INST201
INST377,INST301
INST377,BSOS233
INST377,INST327
INST377,STAT100
INST377,MATH115
INST380,INST201
INST380,INST126
INST380,STAT100
INST380,PSYC100
INST380,SOCY105
INST381,PSYC100
INST381,SOCY105
INST381,INST126
INST381,INST201
INST381,STAT100
INST381,MATH115
INST402,INST362
INST402,INST367
INST405,INST126
INST405,STAT100
INST405,INST201
INST405,PSYC100
INST405,SOCY105
INST406,INST380
INST410,INST126
INST410,STAT100
INST410,PSYC100
INST410,SOCY105
INST410,INST201
INST410,INST301
INST410,MATH115
INST414,MATH115
INST414,STAT100
INST414,INST126
INST414,GEOG276
INST414,INST201
INST414,INST301
INST414,BSOS233
INST414,AASP101
INST414,ANTH210
INST414,ANTH260
INST414,ECON200
INST414,ECON201
INST414,GEOG202
INST414,GVPT170
INST414,PSYC100
INST414,SOCY100
INST414,BSOS233
INST414,INST314
INST441,INST341
INST441,INST380
INST442,INST341
INST442,INST380
INST447,STAT100
INST447,INST327
INST447,INST201
INST447,INST301
INST447,BSOS233
INST447,AASP101
INST447,ANTH210
INST447,ANTH260
INST447,ECON200
INST447,ECON201
INST447,GEOG202
INST447,GVPT170
INST447,PSYC100
INST447,SOCY100
INST447,BSOS233
INST447,INST314
INST447,BSOS331
INST447,GEOG273
INST447,INST326
INST451,INST126
INST451,INST201
INST451,STAT100
INST451,PSYC100
INST451,SOCY105
INST454,INST104
INST454,INST126
INST454,INST204
INST454,INST380
INST454,INST367
INST462,STAT100
INST462,INST201
INST462,INST301
INST462,BSOS233
INST462,INST126
INST462,GEOG276
INST462,AASP101
INST462,ANTH210
INST462,ANTH260
INST462,ECON200
INST462,ECON201
INST462,GEOG202
INST462,GVPT170
INST462,PSYC100
INST462,SOCY100
INST462,SOCY105
INST462,BSOS233
INST462,INST314
INST464,INST201
INST464,INST126
INST464,MATH115
INST464,PSYC100
INST464,INST364
INST466,INST201
INST466,INST301
INST466,PSYC100
INST466,SOCY105
INST490,INST311
INST490,INST314
INST490,INST326
INST490,INST327
INST490,INST335
INST490,INST346
INST490,INST352
INST490,INST362
INST680,INFM600
INST680,LBSC602
INST704,INST631
INST731,INST661
INST735,CMSC422
INST737,INST627
INST737,LBSC690
INST737,LBSC671
INST737,INFM603
INST737,JOUR652
INST752,INFM600
INST752,INFM603
INST752,INST630
INST752,INST733
INST753,INFM600
INST753,INFM603
INST753,INST733
INST754,INFM600
INST754,INST630
INST754,INST733
INST754,INFM603
INST754,JOUR652
INST760,INST630
INST760,INFM603
INST775,INST631
INST775,INST632
INST775,INST717
INST782,INST604
INST784,INST604
INST787,AMST856
INST787,ANTH856
INST787,HIST810
CMSC106,MATH115
CMSC125,MATH115
CMSC132,CMSC131
CMSC132,MATH140
CMSC133,MATH140
CMSC216,CMSC132
CMSC216,MATH141
CMSC250,CMSC131
CMSC250,MATH141
CMSC320,CMSC216
CMSC320,CMSC250
CMSC330,CMSC250
CMSC330,CMSC216
CMSC335,CMSC216
CMSC335,CMSC250
CMSC351,CMSC250
CMSC351,CMSC216
CMSC411,CMSC330
CMSC412,CMSC330
CMSC412,CMSC351
CMSC412,CMSC414
CMSC412,CMSC417
CMSC412,CMSC420
CMSC412,CMSC430
CMSC412,CMSC433
CMSC412,CMSC435
CMSC412,ENEE440
CMSC412,ENEE457
CMSC414,CMSC330
CMSC414,CMSC351
CMSC416,CMSC330
CMSC416,CMSC351
CMSC417,CMSC351
CMSC417,CMSC330
CMSC420,CMSC351
CMSC420,CMSC330
CMSC421,CMSC351
CMSC421,CMSC330
CMSC422,CMSC320
CMSC422,CMSC330
CMSC422,CMSC351
CMSC422,MATH240
CMSC422,MATH341
CMSC422,MATH461
CMSC423,CMSC351
CMSC423,CMSC330
CMSC424,CMSC351
CMSC424,CMSC330
CMSC425,CMSC330
CMSC425,CMSC351
CMSC426,CMSC330
CMSC426,CMSC351
CMSC426,MATH240
CMSC426,MATH341
CMSC426,MATH461
CMSC430,CMSC330
CMSC430,CMSC351
CMSC433,CMSC330
CMSC434,CMSC330
CMSC434,CMSC351
CMSC435,CMSC412
CMSC435,CMSC417
CMSC435,CMSC420
CMSC435,CMSC430
CMSC435,CMSC433
CMSC435,ENEE447
CMSC436,CMSC330
CMSC436,CMSC351
CMSC451,CMSC351
CMSC454,CMSC330
CMSC454,CMSC351
CMSC456,CMSC106
CMSC456,CMSC131
CMSC456,ENEE150
CMSC456,CMSC330
CMSC456,CMSC351
CMSC456,ENEE324
CMSC456,ENEE380
CMSC460,MATH240
CMSC460,MATH341
CMSC460,MATH461
CMSC460,MATH241
CMSC460,MATH340
CMSC460,CMSC106
CMSC460,CMSC131
CMSC460,MATH246
CMSC466,MATH240
CMSC466,MATH341
CMSC466,MATH461
CMSC466,MATH241
CMSC466,MATH340
CMSC466,CMSC106
CMSC466,CMSC131
CMSC466,MATH410
CMSC470,CMSC320
CMSC470,CMSC330
CMSC470,CMSC351
CMSC470,MATH240
CMSC470,MATH341
CMSC470,MATH461
CMSC471,CMSC330
CMSC471,CMSC351
CMSC473,CMSC421
CMSC473,CMSC422
CMSC474,CMSC351
CMSC474,CMSC330
CMSC475,MATH240
CMSC475,MATH341
CMSC475,MATH461
CMSC475,MATH241
CMSC475,MATH340
CMSC616,CMSC411
CMSC616,CMSC412
CMSC631,CMSC330
CMSC673,CMSC421
CMSC673,CMSC422
CMSC723,CMSC422
CMSC740,MATH240
CMSC740,CMSC420
MATH107,MATH107
MATH107,MATH003
MATH113,MATH113
MATH115,MATH115
MATH115,MATH003
MATH115,MATH113
MATH120,MATH113
MATH120,MATH115
MATH120,MATH120
MATH121,MATH120
MATH121,MATH130
MATH121,MATH136
MATH121,MATH140
MATH135,MATH113
MATH135,MATH115
MATH135,MATH120
MATH136,MATH135
MATH140,MATH115
MATH140H,MATH115
MATH141,MATH140
MATH141H,MATH140
MATH206,MATH136
MATH206,MATH140
MATH213,MATH212
MATH214,MATH212
MATH240,MATH131
MATH240,MATH141
MATH241,MATH141
MATH241H,MATH141
MATH243,MATH141
MATH246,MATH141
MATH246H,MATH141
MATH274,MATH120
MATH274,MATH130
MATH274,MATH136
MATH274,MATH140
MATH274,MATH220
MATH310,MATH141
MATH310,MATH240
MATH310,MATH341
MATH310,MATH461
MATH310,MATH241
MATH310,MATH340
MATH312,MATH212
MATH312,MATH213
MATH315,MATH212
MATH340,MATH141
MATH340,MATH140
MATH401,MATH461
MATH401,MATH240
MATH401,MATH341
MATH402,MATH240
MATH402,MATH341
MATH402,MATH461
MATH403,MATH240
MATH403,MATH461
MATH403,MATH340
MATH403,MATH341
MATH403,MATH241
MATH403,MATH310
MATH405,MATH240
MATH405,MATH461
MATH405,MATH341
MATH405,MATH310
MATH406,MATH240
MATH406,MATH241
MATH406,MATH246
MATH406,MATH340
MATH406,MATH341
MATH406,MATH461
MATH410,MATH240
MATH410,MATH461
MATH410,MATH341
MATH410,MATH340
MATH410,MATH241
MATH410,MATH310
MATH411,MATH410
MATH416,MATH141
MATH416,MATH240
MATH416,MATH461
MATH416,MATH341
MATH423,MATH240
MATH423,MATH401
MATH423,MATH461
MATH423,MATH341
MATH424,MATH141
MATH424,STAT400
MATH424,STAT410
MATH430,MATH240
MATH430,MATH341
MATH430,MATH461
MATH431,MATH461
MATH431,MATH240
MATH431,MATH341
MATH432,MATH410
MATH436,MATH241
MATH436,MATH340
MATH436,MATH461
MATH436,MATH240
MATH436,MATH341
MATH436,MATH461
MATH445,MATH141
MATH456,CMSC106
MATH456,CMSC131
MATH456,ENEE150
MATH456,CMSC330
MATH456,CMSC351
MATH456,ENEE324
MATH456,ENEE380
MATH461,MATH141
MATH461,MATH141
MATH462,MATH241
MATH462,MATH340
MATH462,MATH246
MATH462,MATH341
MATH463,MATH241
MATH463,MATH340
MATH464,MATH246
MATH464,MATH341
MATH475,MATH240
MATH475,MATH341
MATH475,MATH461
MATH475,MATH241
MATH475,MATH340
MATH600,MATH405
MATH600,MATH403
MATH602,MATH600
MATH606,MATH600
MATH606,MATH601
MATH630,MATH411
MATH634,MATH630
MATH642,MATH432
MATH642,MATH630
MATH673,MATH411
MATH730,MATH403
MATH730,MATH410
MATH730,MATH411
MATH742,MATH673
MATH742,MATH674
MATH742,MATH740
